,logistic_regression,random_forest,xgboost
earthquake,0.00016220600162206002,0.0006488240064882401,0.0
flood,0.004783648619265057,0.008914981517721243,0.0036964557512502716
hurricane,0.018134034165571616,0.03574244415243101,0.038370565045992115
wildfire,0.008442960926762222,0.006283133712939329,0.00490869821323385
